CONTRACT_CODE,REPORTING_PERIOD,TOTAL_PATRONAGE
M01,2019-05,1162
M01,2019-06,5294
M01,2019-07,8110
M01,2019-08,8685
M01,2019-09,9052
M01,2019-10,10302
M01,2019-11,10554
M01,2019-12,9152
M01,2020-01,9920
M01,2020-02,10544
M01,2020-03,7578
M01,2020-04,1720
M01,2020-05,2893
M01,2020-06,4859
M01,2020-07,6217
M01,2020-08,5639
M01,2020-09,6581
M01,2020-10,6706
M01,2020-11,6671
M01,2020-12,6924
M01,2021-01,5978
M01,2021-02,7638
M01,2021-03,9273
M01,2021-04,8753
M01,2021-05,9963
M01,2021-06,9366
M01,2021-07,3485
M01,2021-08,2667
M01,2021-09,3360
M01,2021-10,5927
M01,2021-11,9159
M01,2021-12,9627
M01,2022-01,7748
M01,2022-02,9753
M01,2022-03,11426
M01,2022-04,10418
M01,2022-05,11986
M01,2022-06,11230
M01,2022-07,10449
M01,2022-08,12214
M01,2022-09,12281
M01,2022-10,12165
M01,2022-11,12827
M01,2022-12,11469
M01,2023-01,11669
M01,2023-02,13380
M01,2023-03,15478
M01,2023-04,11831
M01,2023-05,15488
M01,2023-06,14195
M01,2023-07,13995
M01,2023-08,15291
M01,2023-09,13714
M01,2023-10,14227
M01,2023-11,14218
M01,2023-12,11832
M01,2024-01,13539
M01,2024-02,14574
M01,2024-03,14466
M01,2024-04,13888
M01,2024-05,15023
M01,2024-06,12251
M01,2024-07,15149
M01,2024-08,14509
M01,2024-09,13634
M01,2025-01,13044
M01,2025-02,12950
M01,2025-03,13662
M01,2025-04,12879
M01,2025-05,13484
M01,2025-06,12262
M01,2025-07,13626
M01,2025-08,13115
M01,2025-09,13615
M02,2019-05,439
M02,2019-06,1760
M02,2019-07,2297
M02,2019-08,2708
M02,2019-09,2600
M02,2019-10,3015
M02,2019-11,2907
M02,2019-12,2380
M02,2020-01,2818
M02,2020-02,3103
M02,2020-03,2053
M02,2020-04,302
M02,2020-05,507
M02,2020-06,915
M02,2020-07,1252
M02,2020-08,1164
M02,2020-09,1390
M02,2020-10,1320
M02,2020-11,1429
M02,2020-12,1129
M02,2021-01,924
M02,2021-02,1517
M02,2021-03,1959
M02,2021-04,1772
M02,2021-05,1987
M02,2021-06,1678
M02,2021-07,282
M02,2021-08,251
M02,2021-09,339
M02,2021-10,598
M02,2021-11,1365
M02,2021-12,1139
M02,2022-01,532
M02,2022-02,1067
M02,2022-03,1570
M02,2022-04,1218
M02,2022-05,1294
N59,2019-07,4854
N59,2019-08,4976
N59,2019-09,5187
N59,2019-10,5515
N59,2019-11,5629
N59,2019-12,5723
N59,2020-01,5944
N59,2020-02,5172
N59,2020-03,5102
N59,2020-04,3740
N59,2020-05,4716
N59,2020-06,4780
N59,2020-07,5221
N59,2020-08,4814
N59,2020-09,4894
N59,2020-10,4897
N59,2020-11,4693
N59,2020-12,4980
N59,2021-01,4874
N59,2021-02,4373
N59,2021-03,4813
N59,2021-04,4238
N59,2021-05,4079
N59,2021-06,4111
N59,2021-07,4520
N59,2021-08,2459
N59,2021-09,2652
N59,2021-10,3624
N59,2021-11,3957
N59,2021-12,4514
N59,2022-01,4411
N59,2022-02,4136
N59,2022-03,4319
N59,2022-04,4278
N59,2022-05,4235
N59,2022-06,3892
N59,2022-07,4425
N59,2022-08,4270
N59,2022-09,4291
N59,2022-10,3965
N59,2022-11,3942
N59,2022-12,4239
N59,2023-01,4076
N59,2023-02,3112
N59,2023-03,3399
N59,2023-04,4059
N59,2023-05,3623
N59,2023-06,3247
N59,2023-07,4082
N59,2023-08,3567
N59,2023-09,3927
N59,2023-10,3844
N59,2023-11,3621
N59,2023-12,3974
N59,2024-01,4555
N59,2024-02,3585
N59,2024-03,2034
N59,2024-04,3602
N59,2024-05,3165
N59,2024-06,3193
N59,2024-07,3861
N59,2024-12,99
N59,2025-05,3394
N59,2025-06,3425
N59,2025-07,3825
N59,2025-08,3247
N59,2025-09,3184
P01,2017-12,247
P01,2018-01,131
P01,2018-02,116
P01,2018-03,129
P01,2018-04,145
P01,2018-05,170
P01,2018-06,124
P01,2018-07,138
P01B,2018-08,623
P01B,2018-09,1035
P01B,2018-10,1502
P01B,2018-11,1836
P01B,2018-12,1360
P01B,2019-01,1729
P01B,2019-02,2185
P01B,2019-03,2230
P01B,2019-04,1914
P01B,2019-05,2578
P01B,2019-06,2050
P01B,2019-07,1881
P01B,2019-08,1558
P01B,2019-09,1395
P01B,2019-10,1508
P01B,2019-11,1473
P01B,2019-12,1059
P02,2017-10,177
P02,2017-11,500
P02,2017-12,521
P02,2018-01,615
P02,2018-02,615
P02,2018-03,537
P02,2018-04,597
P02,2018-05,662
P02,2018-06,604
P02,2018-07,690
P02,2018-08,770
P02,2018-09,913
P02,2018-10,360
P03,2017-11,38
P03,2017-12,373
P03,2018-01,720
P03,2018-02,1372
P03,2018-03,1757
P03,2018-04,1904
P03,2018-05,2439
P03,2018-06,3149
P03,2018-07,4528
P03,2018-08,6725
P03,2018-09,7463
P03,2018-10,8960
P03,2018-11,10026
P03,2018-12,10490
P03,2019-01,11167
P03,2019-02,10790
P03,2019-03,12970
P03,2019-04,11312
P03,2019-05,15041
P03,2019-06,14466
P03,2019-07,16919
P03,2019-08,16629
P03,2019-09,16627
P03,2019-10,18237
P03,2019-11,17796
P03,2019-12,18357
P03,2020-01,19103
P03,2020-02,18512
P03,2020-03,14337
P03,2020-04,4806
P03,2020-05,7553
P03,2020-06,10344
P03,2020-07,13998
P03,2020-08,13840
P03,2020-09,14929
P03,2020-10,16535
P03,2020-11,15647
P03,2020-12,11946
P03,2021-01,11480
P03,2021-02,13814
P03,2021-03,15138
P03,2021-04,16153
P03,2021-05,16227
P03,2021-06,14646
P03,2021-07,7210
P03,2021-08,7129
P03,2021-09,8652
P03,2021-10,12146
P03,2021-11,13857
P03,2021-12,14425
P03,2022-01,13595
P03,2022-02,13529
P03,2022-03,15251
P03,2022-04,14155
P03,2022-05,13450
P03,2022-06,12831
P03,2022-07,13148
P03,2022-08,13983
P03,2022-09,14925
P03,2022-10,16085
P03,2022-11,16796
P03,2022-12,17840
P03,2023-01,17113
P03,2023-02,16674
P03,2023-03,19471
P03,2023-04,17611
P03,2023-05,17570
P03,2023-06,17397
P03,2023-07,18135
P03,2023-08,18490
P03,2023-09,18660
P03,2023-10,18187
P03,2023-11,17875
P03,2023-12,19226
P03,2024-01,19368
P03,2024-02,18861
P03,2024-03,19559
P03,2024-04,18677
P03,2024-05,18562
P03,2024-06,17795
P03,2024-07,19060
P03,2024-08,18276
P03,2024-09,16416
P03,2024-10,17729
P03,2024-11,16585
P03,2024-12,16350
P03,2025-01,16519
P03,2025-02,15784
P03,2025-03,17939
P03,2025-04,16162
P03,2025-05,17090
P03,2025-06,14132
P04,2018-03,47
P04,2018-04,882
P04,2018-05,1526
P04,2018-06,1643
P04,2018-07,2336
P04,2018-08,2739
P04,2018-09,3171
P04,2018-10,4241
P04,2018-11,3912
P04,2018-12,2437
P04,2019-01,3220
P04,2019-02,3774
P04,2019-03,4168
P04,2019-04,3593
P04,2019-05,4763
P04,2019-06,4095
P04,2019-07,5180
P04,2019-08,4832
P04,2019-09,4761
P04,2019-10,4805
P04,2019-11,4551
P04,2019-12,3919
P04,2020-01,4678
P04,2020-02,5184
P04,2020-03,3005
P05,2017-11,366
P05,2017-12,1905
P05,2018-01,2381
P05,2018-02,2680
P05,2018-03,3274
P05,2018-04,2846
P05,2018-05,3359
P05,2018-06,3413
P05,2018-07,3538
P05,2018-08,3704
P05,2018-09,3505
P05,2018-10,3524
P05,2018-11,3785
P05,2018-12,3292
P05,2019-01,3580
P05,2019-02,3359
P05,2019-03,3484
P05,2019-04,3116
P05,2019-05,3495
P05,2019-06,3218
P05,2019-07,3531
P05,2019-08,3445
P05,2019-09,3329
P05,2019-10,3444
P05,2019-11,1678
P05B,2019-07,13
P05B,2019-08,36
P06,2017-11,416
P06,2017-12,2182
P06,2018-01,2683
P06,2018-02,3024
P06,2018-03,3568
P06,2018-04,3386
P06,2018-05,4312
P06,2018-06,3675
P06,2018-07,3672
P06,2018-08,1906
P06B,2018-08,777
P06B,2018-09,1593
P06B,2018-10,1368
P06B,2018-11,1415
P06B,2018-12,1209
P06B,2019-01,1385
P06B,2019-02,1560
P06B,2019-03,1497
P06B,2019-04,1329
P06B,2019-05,929
P07,2018-01,1
P07,2018-02,85
P07,2018-03,253
P07,2018-04,266
P07,2018-05,327
P07,2018-06,428
P07,2018-07,558
P07,2018-08,786
P07,2018-09,725
P07,2018-10,806
P07,2018-11,815
P07,2018-12,493
P07,2019-01,702
P07,2019-02,976
P07,2019-03,1241
P07,2019-04,1054
P07,2019-05,1022
P08,2018-01,19
P08,2018-02,290
P08,2018-03,520
P08,2018-04,470
P08,2018-05,940
P08,2018-06,1043
P08,2018-07,1430
P08,2018-08,2096
P08,2018-09,2204
P08,2018-10,2263
P08,2018-11,2401
P08,2018-12,1681
P08,2019-01,1546
P08,2019-02,2149
P08,2019-03,2481
P08,2019-04,2005
P08,2019-05,2410
P08,2019-06,2692
P08,2019-07,3347
P08,2019-08,3416
P08,2019-09,3685
P08,2019-10,3476
P08,2019-11,3593
P08,2019-12,2564
P08,2020-01,2794
P08,2020-02,3675
P08,2020-03,2526
P08,2020-04,279
P08,2020-05,561
P08,2020-06,1003
P08,2020-07,947
P08,2020-08,1040
P08,2020-09,1139
P08,2020-10,1026
P08,2020-11,1130
P08,2020-12,857
P08,2021-01,678
P08,2021-02,1311
P08,2021-03,1764
P08,2021-04,1368
P08,2021-05,1582
P08,2021-06,1179
P08,2021-07,311
P08,2021-08,171
P08,2021-09,261
P08,2021-10,454
P08,2021-11,882
P08,2021-12,675
P08,2022-01,300
P08,2022-02,577
P08,2022-03,860
P08,2022-04,640
P08,2022-05,858
P08,2022-06,788
P08,2022-07,714
P08,2022-08,752
P08,2022-09,621
P08,2022-10,516
P08,2022-11,606
P08,2022-12,427
P08,2023-01,440
P08,2023-02,664
P08,2023-03,854
P08,2023-04,504
P08,2023-05,782
P08,2023-06,638
P08,2023-07,587
P08,2023-08,729
P08,2023-09,355
P09,2018-05,3
P09,2018-06,288
P09,2018-07,469
P09,2018-08,843
P09,2018-09,962
P09,2018-10,1131
P09,2018-11,1084
P09,2018-12,806
P09,2019-01,1022
P09,2019-02,876
P09,2019-03,1063
P09,2019-04,963
P09,2019-05,1275
P09,2019-06,1101
P09,2019-07,1368
P09,2019-08,1359
P09,2019-09,1357
P09,2019-10,1310
P09,2019-11,1168
P09,2019-12,841
P09,2020-01,1020
P09,2020-02,1109
P09,2020-03,891
P09,2020-04,199
P09,2020-05,216
P10,2018-01,442
P10,2018-02,1207
P10,2018-03,1779
P10,2018-04,1529
P10,2018-05,2026
P10,2018-06,1840
P10,2018-07,2134
P10,2018-08,2098
P10,2018-09,1936
P10,2018-10,2175
P10,2018-11,1999
P10,2018-12,1809
P10,2019-01,1502
P10,2019-02,1358
P10,2019-03,1641
P10,2019-04,1394
P10,2019-05,1901
P10,2019-06,1601
P10,2019-07,1728
P10,2019-08,1885
P10,2019-09,1958
P10,2019-10,1997
P10,2019-11,1998
P10,2019-12,1409
P10,2020-01,0
R02,2019-01,10
R02,2019-02,15
R02,2019-03,33
R02,2019-04,26
R02,2019-05,68
R02,2019-06,34
R02,2019-07,76
R02,2019-08,51
R02,2019-09,53
R02,2019-10,84
R02,2019-11,87
R02,2019-12,50
R03,2019-01,6
R03,2019-02,1
R03,2019-03,4
R03,2019-04,1
R03,2019-05,2
R03,2019-06,3
R03,2019-07,3
R03,2019-08,23
R03,2019-09,1
R04,2019-04,71
R04,2019-05,108
R04,2019-06,75
R04,2019-07,149
R04,2019-08,87
R04,2019-09,95
R04,2019-10,77
R04,2019-11,79
R04,2019-12,64
R04,2020-01,118
R04,2020-02,124
R04,2020-03,70
R04,2020-04,31
R04,2020-05,14
R04,2020-06,41
R04,2020-07,102
R04,2020-08,39
R04,2020-09,53
R04,2020-10,72
R04,2020-11,93
R04,2020-12,65
R04,2021-01,65
R04,2021-02,68
R04,2021-03,116
R05,2019-03,44
R05,2019-04,33
R05,2019-05,53
R05,2019-06,47
R05,2019-07,43
R05,2019-08,45
R05,2019-09,59
R05,2019-10,68
R05,2019-11,70
R05,2019-12,51
R05,2020-01,91
R05,2020-02,64
R05,2020-03,71
R05,2020-04,46
R05,2020-05,56
R05,2020-06,83
R05,2020-07,69
R05,2020-08,83
R05,2020-09,53
R05,2020-10,87
R05,2020-11,53
R05,2020-12,43
R05,2021-01,36
R05,2021-02,64
R05,2021-03,30
R05,2021-04,14
R05,2021-05,17
R05,2021-06,20
R05,2021-07,18
R05,2021-08,6
R05,2021-09,17
R05,2021-10,16
R05,2021-11,7
R05,2022-02,18
R05,2022-03,22
R05,2022-04,18
R05,2022-05,12
R05,2022-06,12
R05,2022-07,14
R05,2022-08,18
R05,2022-09,18
R05,2022-10,10
R05,2023-01,58
R05,2023-02,43
R05,2023-03,70
R05,2023-04,54
R05,2023-05,62
R05,2023-06,40
R05,2023-07,68
R05,2023-08,74
R05,2023-09,76
R05,2023-10,64
R05,2023-11,74
R05,2023-12,34
R05,2024-02,55
R05,2024-03,70
R05,2024-04,48
R05,2024-05,80
R05,2024-06,68
R05,2024-07,94
R05,2024-09,86
R05,2024-10,40
R05,2024-11,26
R05,2024-12,18
R05,2025-01,21
R05,2025-02,22
R05,2025-03,55
R05,2025-04,70
R05,2025-06,40
R06,2018-11,75
R06,2018-12,1575
R06,2019-01,2831
R06,2019-02,4220
R06,2019-03,3919
R06,2019-04,3169
R06,2019-05,4865
R06,2019-06,4073
R06,2019-07,5126
R06,2019-08,4814
R06,2019-09,5156
R06,2019-10,5971
R06,2019-11,5208
R06,2019-12,4079
R06,2020-01,3927
R06,2020-02,4184
R06,2020-03,3788
R06,2020-04,2921
R06,2020-05,3862
R06,2020-06,4298
R06,2020-07,4643
R06,2020-08,4210
R06,2020-09,4494
R06,2020-10,5154
R06,2020-11,4566
R06,2020-12,3381
R06,2021-01,3912
R06,2021-02,3914
R06,2021-03,4177
R06,2021-04,5339
R06,2021-05,5081
R06,2021-06,4571
R06,2021-07,4985
R06,2021-08,3256
R06,2021-09,3249
R06,2021-10,4893
R06,2021-12,4973
R06,2022-01,4501
R06,2022-02,5134
R06,2022-03,6805
R06,2022-04,5975
R06,2022-05,6212
R06,2022-06,5356
R06,2022-08,5561
R06,2022-09,6127
R06,2022-10,6009
R06,2022-11,6225
R06,2022-12,5928
R06,2023-01,6878
R06,2023-02,5399
R06,2023-03,6099
R06,2023-04,6782
R06,2023-05,7259
R06,2023-06,6763
R06,2023-07,7916
R06,2023-08,7395
R06,2023-09,7581
R06,2023-10,8294
R06,2023-11,8014
R06,2023-12,8888
R06,2024-01,9141
R06,2024-02,8958
R06,2024-03,9406
R06,2024-04,10201
R06,2024-05,10586
R06,2024-06,10357
R06,2024-07,10895
R06,2024-08,10680
R06,2024-09,10295
R06,2024-10,9725
R06,2024-11,9428
R06,2024-12,8039
R06,2025-01,9583
R06,2025-02,8071
R06,2025-03,8874
R06,2025-04,8582
R06,2025-05,8810
R06,2025-06,7745
R06,2025-07,8463
R06,2025-08,7484
R06,2025-09,7012
R07,2019-03,285
R07,2019-04,676
R07,2019-05,956
R07,2019-06,846
R07,2019-07,1055
R07,2019-08,1153
R07,2019-09,1116
R07,2019-10,1156
R07,2019-11,1330
R07,2019-12,1106
R07,2020-01,1253
R07,2020-02,1333
R07,2020-03,1303
R07,2020-04,588
R07,2020-05,816
R07,2020-06,1020
R07,2020-07,1392
R07,2020-08,1351
R07,2020-09,1505
R07,2020-10,1528
R07,2020-11,1569
R07,2020-12,1594
R07,2021-01,1449
R07,2021-02,1725
R07,2021-03,2106
R07,2021-04,1826
R07,2021-05,1952
R07,2021-06,1711
R07,2021-07,1855
R07,2021-08,1451
R07,2021-09,1639
R07,2021-10,1615
R07,2021-11,1806
R07,2021-12,1799
R07,2022-01,1415
R07,2022-02,1538
R07,2022-03,1377
R07,2022-04,1579
R07,2022-05,2354
R07,2022-06,2027
R07,2022-07,1990
R07,2022-08,2163
R07,2022-09,2018
R07,2022-10,1811
R07,2022-11,2206
R07,2022-12,1974
R07,2023-01,1804
R07,2023-02,2272
R07,2023-03,2721
R07,2023-04,1938
R07,2023-05,2449
R07,2023-06,2276
R07,2023-07,2137
R07,2023-08,2479
R07,2023-09,2403
R07,2023-10,2672
R07,2023-11,2716
R07,2023-12,2661
R07,2024-01,2471
R07,2024-02,2879
R07,2024-03,3025
R07,2024-04,2805
R07,2024-05,3291
R07,2024-06,3022
R07,2024-07,3210
R07,2024-08,3142
R07,2024-09,2796
R07,2024-10,2786
R07,2024-11,2912
R07,2024-12,2618
R07,2025-01,2545
R07,2025-02,2449
R07,2025-03,2385
R07,2025-04,2378
R07,2025-05,2540
R07,2025-06,2243
R07,2025-07,2551
R07,2025-08,2492
R07,2025-09,2440
R08,2019-03,151
R08,2019-04,679
R08,2019-05,883
R08,2019-06,942
R08,2019-07,993
R08,2019-08,1196
R08,2019-09,1252
R08,2019-10,1300
R08,2019-11,1115
R08,2019-12,1177
R08,2020-01,1289
R08,2020-02,1202
R08,2020-03,1208
R08,2020-04,749
R08,2020-05,790
R08,2020-06,1132
R08,2020-07,1353
R08,2020-08,1371
R08,2020-09,1411
R08,2020-10,1369
R08,2020-11,1504
R08,2020-12,1354
R08,2021-01,1239
R08,2021-02,1481
R08,2021-03,1780
R08,2021-04,1478
R08,2021-05,1791
R08,2021-06,1745
R08,2021-07,1471
R08,2021-08,1029
R08,2021-09,1106
R08,2021-10,1310
R08,2021-11,1401
R08,2021-12,1271
R08,2022-01,1002
R08,2022-02,1213
R08,2022-03,1497
R08,2022-04,1425
R08,2022-06,1412
R08,2022-07,1356
R08,2022-08,1392
R08,2022-09,1496
R08,2022-10,1635
R08,2022-11,1776
R08,2022-12,1559
R08,2023-01,1578
R08,2023-02,1540
R08,2023-03,1801
R08,2023-04,1463
R08,2023-05,1582
R08,2023-06,1651
R08,2023-07,1675
R08,2023-08,1712
R08,2023-10,1769
R08,2023-11,2502
R08,2023-12,2625
R08,2024-01,2850
R08,2024-02,2646
R08,2024-05,2504
R08,2024-06,2231
R08,2024-07,2474
R08,2024-08,2345
R08,2024-09,2479
R08,2024-11,2626
R08,2024-12,2639
R08,2025-01,2886
R08,2025-02,2547
R08,2025-03,2285
R08,2025-04,2759
R08,2025-05,2811
R08,2025-06,2591
R08,2025-07,2673
R08,2025-08,2592
R08,2025-09,2744
R09,2018-11,4
R09,2018-12,7
R09,2019-01,9
R09,2019-02,12
R09,2019-03,9
R09,2019-04,9
R09,2019-05,14
R09,2019-06,5
R09,2019-07,211
R09,2019-08,528
R09,2019-09,650
R09,2019-10,839
R09,2019-11,1039
R09,2019-12,1136
R09,2020-01,932
R09,2020-02,1264
R09,2020-03,1201
R09,2020-04,758
R09,2020-05,1157
R09,2020-06,1105
R09,2020-07,1360
R09,2020-08,1414
R09,2020-09,1552
R09,2020-10,1431
R09,2020-11,1653
R09,2020-12,1613
R09,2021-01,1320
R09,2021-02,1670
R09,2021-03,1916
R09,2021-04,1633
R09,2021-05,1890
R09,2021-06,1673
R09,2021-07,1614
R09,2021-08,1469
R09,2021-09,1354
R09,2021-10,1579
R09,2021-11,1793
R09,2021-12,1558
R09,2022-01,1192
R09,2022-03,1847
R09,2022-04,1691
R09,2022-06,1892
R09,2022-07,1905
R09,2022-08,2089
R09,2022-09,1906
R09,2022-10,1918
R09,2022-11,2385
R09,2022-12,2130
R09,2023-01,1668
R09,2023-02,1757
R09,2023-03,1960
R09,2023-04,1584
R09,2023-05,1908
R09,2023-06,1868
R09,2023-07,2019
R09,2023-08,1842
R09,2023-09,1750
R09,2023-10,1644
R09,2023-11,1733
R09,2023-12,1716
R09,2024-01,1965
R09,2024-02,1893
R09,2024-03,1943
R09,2024-04,1936
R09,2024-05,2013
R09,2024-06,1740
R09,2024-07,2154
R09,2024-08,2182
R09,2024-09,2038
R09,2024-10,2209
R09,2024-11,2005
R09,2024-12,2026
R09,2025-01,2327
R09,2025-02,2164
R09,2025-03,2316
R09,2025-04,2056
R09,2025-05,2191
R09,2025-06,1889
R09,2025-07,2244
R09,2025-08,2227
R09,2025-09,2226
R10,2018-12,548
R10,2019-01,601
R10,2019-02,377
R10,2019-03,386
R10,2019-04,478
R10,2019-05,409
R10,2019-06,380
R10,2019-07,468
R10,2019-08,437
R10,2019-09,517
R10,2019-10,592
R10,2019-11,501
R10,2019-12,627
R10,2020-01,278
R10,2020-02,387
R10,2020-03,356
R10,2020-04,73
R10,2020-05,169
R10,2020-06,196
R10,2020-07,236
R10,2020-08,177
R10,2020-09,229
R10,2020-10,264
R10,2020-11,286
R10,2020-12,421
R10,2021-01,452
R10,2021-02,301
R10,2021-03,373
R10,2021-04,419
R10,2021-05,374
R10,2021-06,355
R10,2021-07,319
R10,2021-08,107
R10,2021-09,74
R10,2021-10,109
R10,2021-11,256
R10,2021-12,402
R10,2022-01,282
R10,2022-02,256
R10,2022-03,352
R10,2022-04,412
R10,2022-05,394
R10,2022-06,311
R10,2022-07,359
R10,2022-09,428
R10,2022-10,392
R10,2022-11,379
R10,2022-12,511
R10,2023-01,493
R10,2023-02,403
R10,2023-03,468
R10,2023-04,441
R10,2023-05,334
R10,2023-06,347
R10,2023-08,395
R10,2023-09,461
R10,2023-10,442
R10,2023-11,452
R10,2023-12,586
R10,2024-01,477
R10,2024-02,382
R10,2024-03,431
R10,2024-04,440
R10,2024-05,417
R10,2024-06,353
R10,2024-07,366
R10,2024-08,391
R10,2024-09,433
R10,2024-10,474
R10,2024-11,383
R10,2024-12,496
R10,2025-02,401
R10,2025-03,411
R10,2025-04,511
R10,2025-05,406
R10,2025-06,387
R10,2025-07,418
R10,2025-08,423
R10,2025-09,410
R11,2019-02,203
R11,2019-03,318
R11,2019-04,305
R11,2019-05,377
R11,2019-06,338
R11,2019-07,388
R11,2019-08,487
R11,2019-09,402
R11,2019-10,397
R11,2019-11,394
R11,2019-12,346
R11,2020-01,383
R11,2020-02,363
R11,2020-03,379
R11,2020-04,231
R11,2020-05,327
R11,2020-06,319
R11,2020-07,374
R11,2020-08,328
R11,2020-09,394
R11,2020-10,400
R11,2020-11,482
R11,2020-12,453
R11,2021-01,425
R11,2021-02,519
R11,2021-03,627
R11,2021-04,520
R11,2021-05,576
R11,2021-06,495
R11,2021-07,542
R11,2021-08,477
R11,2021-09,496
R11,2021-10,519
R11,2021-11,605
R11,2021-12,488
R11,2022-01,397
R11,2022-02,546
R11,2022-03,577
R11,2022-04,507
R12,2019-06,1
R12,2019-07,177
R12,2019-08,230
R12,2019-09,229
R12,2019-10,324
R12,2019-11,380
R12,2019-12,323
R12,2020-01,376
R12,2020-02,350
R12,2020-03,290
R12,2020-04,125
R12,2020-05,180
R12,2020-06,191
R12,2020-07,243
R12,2020-08,243
R12,2020-09,274
R12,2020-10,244
R12,2020-11,301
R12,2020-12,387
R12,2021-01,337
R12,2021-02,340
R12,2021-03,454
R12,2021-04,389
R12,2021-05,429
R12,2021-06,320
R12,2021-07,542
R12,2021-08,281
R12,2021-09,284
R12,2021-10,340
R12,2021-11,433
R12,2021-12,383
R12,2022-01,333
R12,2022-02,403
R12,2022-03,446
R12,2022-04,369
R13,2023-10,32
R13,2023-11,29
R13,2023-12,34
R13,2024-01,41
R13,2024-02,45
R13,2024-03,28
R13,2024-04,24
R13,2024-05,37
R13,2024-06,44
R13,2024-07,50
R13,2024-08,108
R13,2024-09,54
R13,2024-10,32
R13,2024-11,32
R13,2024-12,44
R13,2025-01,36
R13,2025-02,32
R13,2025-03,31
R13,2025-04,37
R13,2025-05,68
R13,2025-06,53
R13,2025-07,65
R13,2025-08,81
R13,2025-09,68
R14,2023-12,2475
R14,2024-01,1959
R14,2024-02,1867
R14,2024-03,1555
R14,2024-04,1278
R14,2024-05,1033
R14,2024-06,1096
R14,2024-07,888
R14,2024-08,1209
R14,2024-09,1477
R14,2024-10,1959
R14,2024-11,546
R15,2024-07,146
R15,2024-08,149
R15,2024-09,142
R15,2024-10,174
R15,2024-11,118
R15,2024-12,119
R15,2025-01,120
R15,2025-02,106
R15,2025-03,134
R15,2025-04,121
R15,2025-05,122
R15,2025-06,122
R15,2025-07,139
R15,2025-08,143
R15,2025-09,119
SBSC006,2018-07,1521
SBSC006,2018-08,2570
SBSC006,2018-09,2497
SBSC006,2018-10,3000
SBSC006,2018-11,3156
SBSC006,2018-12,3844
SBSC006,2019-01,4270
SBSC006,2019-02,5527
SBSC006,2019-03,6960
SBSC006,2019-04,6935
SBSC006,2019-05,8039
SBSC006,2019-06,7149
SBSC006,2019-07,7323
SBSC006,2019-08,6766
SBSC006,2019-09,6785
SBSC006,2019-10,7063
SBSC006,2019-11,7214
SBSC006,2019-12,5974
SBSC006,2020-01,6207
SBSC006,2020-02,6113
SBSC006,2020-03,4531
SBSC006,2020-04,1252
SBSC006,2020-05,2029
SBSC006,2020-06,3036
SBSC006,2020-07,3681
SBSC006,2020-08,3385
SBSC006,2020-09,3849
SBSC006,2020-10,4021
SBSC006,2020-11,4353
SBSC006,2020-12,4169
SBSC006,2021-01,3498
SBSC006,2021-02,4455
SBSC006,2021-03,4894
SBSC006,2021-04,4633
SBSC006,2021-05,4605
SBSC006,2021-06,3600
SBSC006,2021-07,1191
SBSC006,2021-08,1086
SBSC006,2021-09,1196
SBSC006,2021-10,2127
SBSC006,2021-11,3102
SBSC006,2021-12,3195
SBSC006,2022-01,2582
SBSC006,2022-02,3041
SBSC006,2022-03,3831
SBSC006,2022-04,3747
SBSC006,2022-05,4288
SBSC006,2022-06,4101
SBSC006,2022-07,4109
SBSC006,2022-08,4586
SBSC006,2022-09,4490
SBSC006,2022-10,4572
SBSC006,2022-11,4542
SBSC006,2022-12,4283
SBSC006,2023-01,4488
SBSC006,2023-02,4451
SBSC006,2023-03,4850
SBSC006,2023-04,4002
SBSC006,2023-05,4387
SBSC006,2023-06,4266
SBSC006,2023-07,4333
SBSC006,2023-08,4447
SBSC006,2023-09,4233
SBSC006,2023-10,4510
SBSC006,2023-11,4675
SBSC006,2023-12,3844
SBSC006,2024-01,3705
SBSC006,2024-02,3914
SBSC006,2024-03,3877
SBSC006,2024-04,3780
SBSC006,2024-05,3982
SBSC006,2024-06,3480
SBSC006,2024-07,3939
SBSC006,2024-08,3728
SBSC006,2024-09,3627
SBSC006,2024-10,3557
SBSC006,2025-02,3520
SBSC006,2025-03,3952
SBSC006,2025-04,3451
SBSC006,2025-05,3967
SBSC006,2025-06,3547
SBSC006,2025-07,3813
SBSC006,2025-09,3684
TARP0040,2023-07,2129
TARP0040,2023-08,2231
TARP0040,2023-09,1905
TARP0040,2023-10,1984
TARP0040,2023-11,2246
TARP0043,2024-09,27
TARP0043,2024-10,38
TARP0045,2024-09,20
TARP0045,2024-10,19
TARP0045,2024-11,30
TARP0045,2024-12,15
TARP0045,2025-01,18
TARP0045,2025-02,16
TARP0045,2025-03,15
TARP0045,2025-04,31
TARP0045,2025-05,16
TARP0045,2025-06,7
TARP0045,2025-07,24
TARP0045,2025-08,6
TARP0045,2025-09,12
TARP0046,2024-09,54
TARP0046,2024-12,117
TARP0046,2025-01,126
TARP0046,2025-02,112
TARP0046,2025-03,104
TARP0047,2024-09,10
TARP0047,2024-10,17
TARP0047,2024-12,9
TARP0047,2025-01,23
TARP0047,2025-03,7
TARP0047,2025-04,4
TARP0047,2025-05,4
TARP0047,2025-06,6
TARP0047,2025-07,21
TARP0047,2025-08,12
TARP0047,2025-09,6
r11,2022-05,580
r11,2022-06,546
r11,2022-07,499
r11,2022-08,644
r11,2022-09,527
r11,2022-10,571
r11,2022-11,593
r11,2022-12,451
r11,2023-01,421
r11,2023-02,585
r11,2023-03,680
r11,2023-04,421
r11,2023-05,616
r11,2023-06,571
r11,2023-07,585
r11,2023-08,669
r11,2023-09,563
r11,2023-10,544
r11,2023-11,540
r11,2023-12,409
r11,2024-01,420
r11,2024-02,524
r11,2024-03,525
r11,2024-04,554
r11,2024-05,626
r11,2024-06,452
r11,2024-07,497
r11,2024-08,555
r11,2024-09,528
r11,2024-11,586
r11,2024-12,419
r11,2025-01,505
r11,2025-02,504
r11,2025-03,557
r11,2025-04,506
r11,2025-05,587
r11,2025-06,554
r11,2025-08,534
r11,2025-09,534
r12,2022-05,415
r12,2022-06,452
r12,2022-07,407
r12,2022-08,432
r12,2022-09,397
r12,2022-10,390
r12,2022-11,426
r12,2022-12,364
r12,2023-01,343
r12,2023-02,388
r12,2023-03,461
r12,2023-04,291
r12,2023-05,383
r12,2023-06,331
r12,2023-07,325
r12,2023-08,345
r12,2023-09,319
r12,2023-10,313
r12,2023-11,354
r12,2023-12,304
r12,2024-01,287
r12,2024-02,374
r12,2024-03,339
r12,2024-04,338
r12,2024-06,336
r12,2024-07,333
r12,2024-08,364
r12,2024-09,320
r12,2024-11,348
r12,2024-12,277
r12,2025-01,366
r12,2025-02,372
r12,2025-03,355
r12,2025-04,385
r12,2025-05,431
r12,2025-06,377
r12,2025-08,404
r12,2025-09,401
